"lon","lat"
150.7708274,-33.7589212
-164.6152778,62.6888889
-149.9002778,61.2180556
-149.9002778,61.2180556
-145.3052778,61.955
-149.4394444,61.5813889
-150.2313889,62.3166667
-114.4667774,36.5679822
-151.0583332,60.4877778
-92.8258089,34.3692858
-158.4575,59.0397222
-157.0138889,58.7283333
-147.7163889,64.8377778
-147.7163889,64.8377778
-147.3494444,64.7511111
-90.4290168,42.4166744
-90.4290168,42.4166744
-97.3714652,48.2916547
-165.4063889,64.5011111
-145.2513402,66.56735
-97.3516558,32.7732044
-88.2607188,30.4069515
-88.2383363,30.3829771
-88.2383363,30.3829771
-1.2577263,51.7520209
-86.6294262,32.8387371
-88.343376,37.733936
-87.4938708,31.0237921
-74.3365534,44.2545023
-117.7237627,33.5291274
-85.3782795,32.6454116
-86.5861037,34.7303688
-86.5861037,34.7303688
-79.9414266,37.2709704
-85.0007653,32.4709761
-70.8967155,42.51954
-87.7922362,33.2562293
-91.3848749,40.550042
-94.1185366,36.3320196
-94.1185366,36.3320196
-94.1185366,36.3320196
-95.7507815,30.2093794
-94.348268,35.436756
-94.348268,35.436756
-92.4129303,33.8137161
-90.08129,29.932376
-90.08129,29.932376
-78.1633341,39.1856597
-92.4421011,35.0886963
-92.4421011,35.0886963
-99.3340442,34.637765
-99.3340442,34.637765
-93.0551795,34.5037004
-106.9561791,44.7971939
-90.4973286,36.0584021
-86.7816016,36.1626638
-91.8415363,36.1536795
-92.0031955,34.2284312
-92.0031955,34.2284312
-102.6207496,38.0872307
-91.8998611,34.7839795
-91.8998611,34.7839795
-92.0165336,34.974532
-94.0476882,33.425125
-100.8881993,34.9378289
9.1401481,47.1491923
-90.5073285,35.6736895
-72.5963431,42.3732554
-72.5963431,42.3732554
-92.9365581,35.2464719
-92.2670941,34.769536
-92.2895948,34.7464809
-92.2895948,34.7464809
-74.2765366,40.8398218
-94.3985475,35.3859242
-94.3985475,35.3859242
-94.3985475,35.3859242
-94.3985475,35.3859242
-94.3985475,35.3859242
-94.3985475,35.3859242
-91.8795856,35.0706423
-111.8314724,33.4151843
-111.9400054,33.4255104
-112.7301882,33.9697664
-114.5285981,35.1359386
-93.3600034,44.9917149
-110.955646,31.9575818
-114.6276916,32.6926512
-122.2416355,37.7652065
-89.437921,43.190526
-121.9616274,38.0290872
-122.0310733,37.9779776
-122.1341321,38.0193657
-120.5865935,38.7612923
-119.9771868,38.939926
-119.3137301,36.624394
-119.3137301,36.624394
-119.3137301,36.624394
-119.3137301,36.624394
-115.5630514,32.792
-115.4988834,32.6789476
-119.5604015,36.098007
-118.1937395,33.7700504
-118.2436849,34.0522342
-118.2436849,34.0522342
-118.2436849,34.0522342
-118.2436849,34.0522342
-118.2436849,34.0522342
-118.2436849,34.0522342
-118.2436849,34.0522342
-118.2436849,34.0522342
-118.2436849,34.0522342
-118.2436849,34.0522342
-118.2436849,34.0522342
-118.2436849,34.0522342
-118.2436849,34.0522342
-118.2436849,34.0522342
-118.2436849,34.0522342
-118.2436849,34.0522342
-118.2436849,34.0522342
-118.2436849,34.0522342
-118.2436849,34.0522342
-118.2436849,34.0522342
-118.2436849,34.0522342
-118.2436849,34.0522342
-118.2436849,34.0522342
-118.2436849,34.0522342
-118.6089752,34.165357
-118.6089752,34.165357
-118.6089752,34.165357
-118.6089752,34.165357
-118.6089752,34.165357
-118.2436849,34.0522342
-118.2436849,34.0522342
-118.2436849,34.0522342
-118.2436849,34.0522342
-118.1445155,34.1477849
-118.1445155,34.1477849
-77.3063733,38.8462236
-123.2077831,39.1501709
-120.609084,37.3477174
-120.4829677,37.3021632
-121.8946761,36.6002378
-117.3961564,33.9533487
-117.3961564,33.9533487
-117.3961564,33.9533487
-121.2810611,38.7071247
-122.494897,48.755304
-117.3136547,34.0739016
-117.2897652,34.1083449
-117.3794834,33.1958696
-117.1610838,32.715738
-122.4194155,37.7749295
-122.4194155,37.7749295
-122.6664251,38.29975
-122.7140548,38.440429
-119.1770516,34.1975048
-118.8375937,34.1705609
-121.4177419,39.3118348
-121.5913547,39.1457253
-105.8700214,37.4694491
-80.0884774,26.6116119
-80.0884774,26.6116119
-105.0874842,39.8027644
-95.4346238,29.7303278
-105.084423,40.5852602
-107.5464541,40.5152491
-107.8761738,38.4783198
-104.6091409,38.2544472
-104.6091409,38.2544472
-72.7795419,41.6612104
-72.7795419,41.6612104
-72.7228293,41.6972996
-72.6596244,41.7063537
-73.4540111,41.394817
-73.2612615,41.1408363
-73.4081575,41.117744
-72.0995209,41.3556539
-120.7401386,47.7510741
-120.7401386,47.7510741
-120.7401386,47.7510741
-120.7401386,47.7510741
-75.5243682,39.158168
-81.655651,30.3321838
-81.655651,30.3321838
-81.655651,30.3321838
-81.655651,30.3321838
-81.655651,30.3321838
-81.655651,30.3321838
-81.655651,30.3321838
-81.655651,30.3321838
-81.655651,30.3321838
-81.655651,30.3321838
-81.655651,30.3321838
-81.655651,30.3321838
-82.382593,27.8536365
-82.4571776,27.950575
-82.1496049,27.8187623
-82.4331495,27.7208633
-82.4571776,27.950575
-82.7873244,27.9094665
30.3350986,59.9342802
30.3350986,59.9342802
30.3350986,59.9342802
30.3350986,59.9342802
-82.6995443,27.8428025
30.3350986,59.9342802
30.3350986,59.9342802
-82.7873244,27.9094665
-81.6178536,28.1141841
-81.6178536,28.1141841
-90.5776367,41.5236437
-81.3641024,41.6383625
-80.0533746,26.7153424
-80.0533746,26.7153424
-80.6675577,26.6845104
-81.3792365,28.5383355
-88.7319979,37.1511655
-81.3792365,28.5383355
-88.7319979,37.1511655
-81.0558894,29.2858129
-81.3289397,28.8713443
-80.9956105,29.1383165
-87.2169149,30.421309
-87.2169149,30.421309
-87.2169149,30.421309
-36.7819505,-7.2399609
-80.3035602,25.9860762
-80.2521157,26.0764783
-80.2521157,26.0764783
-80.0997657,26.3184123
-84.2807329,30.4382559
-84.2807329,30.4382559
-84.2807329,30.4382559
-84.2807329,30.4382559
-82.0508292,29.2009881
-120.2531378,36.6487466
-82.2359254,27.044224
12.3155151,45.4408474
-81.269453,28.8028612
-81.3081226,28.6988853
-78.3961973,37.2971798
-81.8723084,26.640628
-81.8800861,26.6672935
-81.8800861,26.6672935
-81.8723084,26.640628
-80.8075537,28.6122187
-80.8075537,28.6122187
-81.3124341,29.9012437
-81.407571,28.2919557
-102.375557,31.848092
-82.727087,28.246525
-84.665075,43.370622
-82.6392899,30.1896756
-86.4957833,30.3935337
-86.482172,30.5168639
-86.482172,30.5168639
-82.1098275,29.9441298
-82.6151001,28.7813722
-81.4384092,26.7617322
-85.538541,30.7818584
-85.6796533,30.7918559
-83.1251306,29.6343977
-81.2078699,29.5844524
-83.6324022,32.8406946
-84.9191081,33.732052
-84.9191081,33.732052
-84.9191081,33.732052
-84.9191081,33.732052
-85.2860676,34.9831309
-81.0998342,32.0835407
-81.0998342,32.0835407
-81.0998342,32.0835407
-81.378447,40.7989473
23.7275388,37.9838096
-72.016756,42.799814
-84.683824,33.8595491
27.1389082,38.418434
-83.7888387,31.1799407
-83.7823938,31.9635074
-122.5210008,47.6248791
-73.7562317,42.6525793
-73.7562317,42.6525793
-84.5963432,33.3968557
12.4963655,41.9027835
12.4963655,41.9027835
-84.1401926,34.2073196
-84.4277001,33.6407282
-84.4277001,33.6407282
-104.5230242,33.3942655
-85.4951663,32.5933574
-84.1429719,33.8901036
-82.3248262,29.6516344
-84.7382609,32.683469
-85.661387,38.286454
-83.607683,32.4959812
-83.624201,32.6130007
-83.624201,32.6130007
-82.8718084,32.548222
-77.5636015,39.1156615
-84.6610372,32.5326403
-82.9987942,39.9611755
-82.9987942,39.9611755
-82.2420661,31.3060513
-82.2420661,31.3060513
-82.0967857,33.3140311
-82.0105148,33.4734978
-82.0105148,33.4734978
-84.0176904,33.6676103
-84.7990901,32.0509895
-84.2326876,32.0723861
-85.0322444,33.0362218
-85.0322444,33.0362218
-82.3540178,31.2135511
-82.027895,31.6660432
-81.6943605,41.49932
-81.6943605,41.49932
-73.7562317,42.6525793
-157.9733333,21.3972222
-157.9733333,21.3972222
-157.8583333,21.3069444
-84.1593818,39.6283928
-81.6745517,36.216795
-90.8504116,42.4491375
-90.6645718,42.5005583
-73.2612615,41.1408363
-91.693232,41.8458406
-91.6656232,41.9778795
-91.6656232,41.9778795
-96.0972376,42.0266548
-93.6091064,41.6005448
-93.6091064,41.6005448
-93.6091064,41.6005448
-95.8608333,41.2619444
-95.8608333,41.2619444
-92.7201302,41.7490571
-92.4083022,41.0160293
-96.4003069,42.4999942
-96.4003069,42.4999942
-116.2146068,43.6187102
-116.2146068,43.6187102
-112.4455344,42.8713032
-112.3449773,43.1904709
-116.7804664,47.6776832
-113.8932526,46.8789224
-88.8442674,42.2639098
-90.1567944,42.0944671
-90.4242916,40.0175483
-93.1968704,39.1230777
-89.3725796,38.6103264
-88.3728255,39.4830897
-87.8833991,42.0333623
-87.9806265,42.0883603
-88.1227199,42.0629915
-87.9372908,42.0664167
-88.0683955,41.6986416
-87.5294871,41.6155909
-84.5555347,42.732535
-96.9944489,32.482361
-87.6744891,41.4914236
-87.6744891,41.4914236
-87.6297982,41.8781136
-87.6297982,41.8781136
-87.6297982,41.8781136
-87.6297982,41.8781136
-87.6297982,41.8781136
-87.6297982,41.8781136
-87.6297982,41.8781136
-87.6297982,41.8781136
-87.6297982,41.8781136
-87.6297982,41.8781136
-87.6297982,41.8781136
-87.6297982,41.8781136
-87.6297982,41.8781136
-87.6297982,41.8781136
-87.6297982,41.8781136
-87.6297982,41.8781136
-87.6297982,41.8781136
-87.6297982,41.8781136
-87.6297982,41.8781136
-76.8983059,38.7651145
-87.9400657,41.9550296
-88.0078435,41.8800296
-87.9889543,41.8897519
-75.8524214,40.6262044
-92.586828,34.5645371
-77.571382,40.5992395
-78.8111427,41.6628394
-74.5463282,40.8336038
-77.0861753,38.707982
-77.0861753,38.707982
-73.9492079,40.7762231
-96.6988856,33.0198431
-81.412587,40.9173083
-87.8328505,42.4461322
-87.8447938,42.3636331
-89.953157,38.8114364
-89.983158,38.7483814
-89.983158,38.7483814
-89.983158,38.7483814
-89.983158,38.7483814
-89.4012302,43.0730517
-89.5736984,38.998935
-81.0348144,34.0007104
-122.989827,45.5228939
-89.5889864,40.6936488
-89.5889864,40.6936488
-89.5889864,40.6936488
-89.3820321,38.0803286
-88.7319979,37.1511655
-88.4381029,37.8136583
-72.5815724,42.1072647
-72.5815724,42.1072647
-72.5815724,42.1072647
-72.5815724,42.1072647
-88.9845172,39.2203197
-90.1506465,38.624514
-84.5173035,39.109221
-89.640658,40.5675388
-88.0817251,41.525031
-85.6591442,40.5583739
-84.2963123,33.7748275
-85.1393513,41.079273
-72.9278835,41.308274
-120.7401386,47.7510741
-120.7401386,47.7510741
-120.7401386,47.7510741
-120.7401386,47.7510741
-120.7401386,47.7510741
-120.7401386,47.7510741
-120.7401386,47.7510741
-120.7401386,47.7510741
-120.7401386,47.7510741
-74.6514481,40.3439888
-86.7561147,39.0833795
-86.5263857,39.165325
-80.8100724,35.5848596
-84.7530304,42.243097
-77.4019267,37.2279279
-78.1633341,39.1856597
-86.2519898,41.6763545
-85.7831323,39.6949203
17.873887,-11.202692
-92.0198427,30.2240897
-87.5710898,37.9715592
-89.640658,40.5675388
-98.580361,37.2811339
-2.967601,50.92902
-99.3267702,38.8791783
-73.6342954,40.7267682
-100.0170787,37.7527982
-94.8191285,38.8813958
-95.2610838,37.3403384
-94.4155068,39.0911161
-95.4572034,37.6792135
-72.8633635,41.6757457
-97.330053,37.6871761
-97.330053,37.6871761
-97.330053,37.6871761
-97.330053,37.6871761
-73.0889973,41.3206523
-95.6890185,39.0558235
-95.6890185,39.0558235
-95.6890185,39.0558235
-95.6890185,39.0558235
-95.6890185,39.0558235
-95.6890185,39.0558235
-95.6890185,39.0558235
-94.5785667,39.0997265
-94.5785667,39.0997265
-94.5785667,39.0997265
-81.0348144,34.0007104
-4.251806,55.864237
-87.1111676,37.7719074
-87.1111676,37.7719074
-84.5037164,38.0405837
-84.5037164,38.0405837
-81.4392828,41.5519952
,
-87.4988882,37.3281005
-85.7584557,38.2526647
-85.7584557,38.2526647
-85.7584557,38.2526647
-85.7584557,38.2526647
-85.7584557,38.2526647
-82.8071054,37.8145384
-80.0110497,39.2044908
-80.0110497,39.2044908
-82.5145752,32.6923836
-82.6309892,37.1734372
-84.6585555,37.2784114
-97.1466695,31.549333
-97.1466695,31.549333
-83.9979834,37.430364
-83.4326841,38.1839705
-77.0722585,38.9076089
-97.3625172,32.5790251
-97.3625172,32.5790251
-92.049012,31.0579664
-93.7501789,32.5251516
-92.2715157,30.6879749
-90.1084073,29.6668793
-90.1003506,29.8993723
-92.0198427,30.2240897
-92.0198427,30.2240897
-90.3381361,29.5427168
-97.3152701,30.1104947
-92.1476353,32.5184775
-92.081509,30.5335302
-92.081509,30.5335302
-121.129656,37.4716001
-74.0218063,41.0589855
-90.4414762,30.4388041
-85.6447492,42.8694731
-78.7189149,35.8906806
-121.9131761,37.2456333
-69.9740361,41.8299634
-73.2453824,42.4500845
-71.2856082,41.9445441
-70.9036487,41.6376043
-70.934205,41.6362152
-70.934205,41.6362152
-71.3565439,41.9695516
-75.0760137,38.7209454
-71.0772796,42.7762015
-70.9494938,42.466763
-70.9494938,42.466763
-72.6162009,42.2042586
-72.5828642,42.0501022
-86.1274888,40.0428151
0.121817,52.205337
0.121817,52.205337
-105.0166498,39.613321
-71.3161718,42.6334247
-71.5522874,42.3459271
-71.0994968,42.3875968
-71.3614484,42.3625953
-70.9750541,41.9903519
-71.0588801,42.3600825
-88.1064787,43.0605671
-71.998133,42.5750883
-74.6514481,40.3439888
-71.7128471,42.2959267
-95.144318,43.1450748
-0.479611,51.5485
-78.7625185,39.6528654
-78.7625185,39.6528654
-78.7625185,39.6528654
-76.8294213,39.4695489
-76.0627266,39.6978871
-76.373595,39.6896661
-77.0074765,38.9778882
-76.8894171,38.8576128
-76.8966397,38.9340002
-76.8755282,39.0045544
-75.1111938,39.9279293
-76.9897278,38.8033178
-82.7873244,27.9094665
-77.748882,39.4575994
-77.7199932,39.6417629
-76.6121893,39.2903848
-76.6246886,39.1626084
-76.4921829,38.9784453
-76.7002462,39.0839981
-76.7002462,39.0839981
-76.7002462,39.0839981
-76.6121893,39.2903848
-76.6121893,39.2903848
-76.6121893,39.2903848
-76.6121893,39.2903848
-76.6121893,39.2903848
-76.6121893,39.2903848
-76.6121893,39.2903848
-67.8339004,46.7722294
8.8016937,53.0792962
-81.378447,40.7989473
-70.5508829,44.5536606
-70.5508829,44.5536606
-68.7904626,44.7202096
-108.5506486,39.0638705
-117.1817377,46.7297771
-88.214014,46.873261
-83.8419193,43.6153004
-86.4541894,42.1167065
-85.1797142,42.3211522
-85.1797142,42.3211522
-84.7147512,44.6614039
-85.5358994,44.5847251
-78.2934468,43.9491784
-84.5555347,42.732535
-85.5872286,42.2917069
-85.2101269,44.731613
21.824312,39.074208
21.824312,39.074208
-85.6447492,42.8694731
-85.7100393,43.1608578
-84.1899442,42.0061554
-74.2082671,40.1645785
-83.8126484,39.7495714
-121.2880059,38.7521235
-85.9439718,44.5202794
-85.9439718,44.5202794
-85.9439718,44.5202794
-86.4525831,43.9552825
-74.9429448,40.3659394
-83.3977101,41.9164343
-82.3940104,34.8526176
-86.1853474,43.2756927
-85.771997,43.5502974
-95.6725227,35.8143335
-95.6725227,35.8143335
-83.4754913,42.48059
-83.2910468,42.6389216
-78.4838952,34.6404489
-73.9936198,40.7282035
5.291266,52.132633
-8.2681621,53.7592604
-83.9508068,43.4194699
-82.5918153,42.6107495
-89.8973084,35.3414744
-84.2963123,33.7748275
-83.0457538,42.331427
-83.0457538,42.331427
-83.0457538,42.331427
-83.0457538,42.331427
-83.0457538,42.331427
-83.3099303,42.2942045
-87.6513043,41.9214378
-83.3527097,42.36837
-83.2696509,42.240872
-83.2696509,42.240872
-83.2696509,42.240872
-83.2696509,42.240872
-92.9874404,45.3980205
-74.1409771,41.0573188
-93.3871758,45.1977428
-94.8858492,47.4875361
-94.4593018,44.3144394
-92.7666667,46.4513889
6.9602786,50.937531
-92.8479921,45.3894083
-94.2886089,46.5205224
-93.24272,44.6496868
-93.9878427,43.9505132
-93.9878427,43.9505132
-93.4557877,45.0724642
-93.4687489,44.9211836
-86.5263857,39.165325
-93.2650108,44.977753
-93.2650108,44.977753
-94.8799994,44.9435732
-94.9400088,45.2330198
17.7340438,46.8302679
17.7340438,46.8302679
,
-94.7268677,43.6546148
-96.0777887,46.2835212
-93.1471667,45.0791325
-93.0899578,44.9537029
-93.0899578,44.9537029
-93.268827,44.2949636
-93.0877196,45.0269101
-92.6040753,47.3715978
-116.6865435,43.6779581
-92.5399063,47.4624279
-94.1632404,45.5579451
-90.4974359,38.7881062
-95.9855862,44.5588502
-94.846681,39.7674578
-90.392888,36.7569994
-90.392888,36.7569994
-121.27661,37.8227046
-72.5815724,42.1072647
-72.5815724,42.1072647
-72.5815724,42.1072647
-74.7429384,40.2170534
-94.5785667,39.0997265
-94.5785667,39.0997265
-94.5785667,39.0997265
-94.5785667,39.0997265
-94.5785667,39.0997265
10.3329494,36.8625853
-90.3776187,38.4328317
-87.6835974,30.4065868
-86.5861037,34.7303688
-77.4360481,37.5407246
-90.3709489,38.7714396
-90.322614,38.789217
-90.322614,38.789217
-90.322614,38.789217
-89.9578688,36.7958866
-93.2185144,36.6436731
-95.3698028,29.7604267
-92.2634942,37.1306078
-97.6322639,35.5186678
-105.2210997,39.755543
-89.3489641,33.9920552
-88.6994851,31.8601554
-90.5709323,34.2001086
-97.445604,35.435863
-88.5900235,30.9251869
-88.5900235,30.9251869
-89.3761587,30.2868632
-90.1848103,32.2987573
-88.6116854,30.385755
-89.2903392,31.3271189
-89.2903392,31.3271189
-116.3915131,43.6121087
-78.4531994,38.0086043
-95.4696578,44.2230691
-88.6817201,34.3764923
-86.1066526,39.6136578
-81.378447,40.7989473
-90.1420331,31.1160119
-89.6906396,34.8723179
-88.488099,33.9842768
-75.1652215,39.9525839
-75.1652215,39.9525839
-75.1652215,39.9525839
-75.1652215,39.9525839
-74.2631635,40.6975898
-90.4531535,31.2437872
-93.9215909,35.140093
-93.9215909,35.140093
11.2558136,43.7695604
-80.7797935,37.0478982
-79.2451149,41.5341012
-80.7797935,37.0478982
-90.6773046,33.526164
-90.6773046,33.526164
-93.2777226,44.7677424
-88.1900415,34.8117565
-88.1900415,34.8117565
-90.877882,32.3526456
-82.3940104,34.8526176
-82.3940104,34.8526176
-78.8894682,38.0684692
-108.5006904,45.7832856
-108.5006904,45.7832856
-113.996586,46.8787176
-113.996586,46.8787176
-114.3168131,48.1919889
-105.8405582,46.4083362
-73.212072,44.4758825
-73.212072,44.4758825
-73.212072,44.4758825
-74.6668985,40.3478304
-74.6668985,40.3478304
-121.8444025,37.217404
-78.426672,33.8943393
-122.9419708,40.7309778
-121.968742,48.0839895
-97.7558562,30.2468497
-81.5356463,35.2923513
-77.0441143,35.108493
-78.9453056,34.9704419
-78.9453056,34.9704419
-78.8783585,35.0526641
-77.9622069,34.9623883
-78.898619,35.9940329
-77.7905339,35.9382103
-77.7905339,35.9382103
-80.0736533,36.1198588
-80.244216,36.0998596
-80.244216,36.0998596
-80.244216,36.0998596
-80.244216,36.0998596
-80.244216,36.0998596
-80.244216,36.0998596
-80.244216,36.0998596
-80.244216,36.0998596
-79.7919754,36.0726354
-80.0053176,35.9556923
-78.6719592,35.4079393
-80.8872959,35.7826363
-80.8872959,35.7826363
-77.9447102,34.2257255
-77.4701972,34.6540094
-78.982788,36.3937519
-120.7401386,47.7510741
-82.3940104,34.8526176
-79.6644747,36.3548586
-80.2000578,35.3501426
-83.4473809,35.4309291
-83.4473809,35.4309291
-83.0029198,35.1070374
-114.9817213,36.0395247
-78.3697213,35.780987
-77.9927651,35.3848841
-77.9927651,35.3848841
-77.9155395,35.7212689
-96.7898034,46.8771863
-99.9962463,48.3688876
-95.9979883,41.2523634
-95.9979883,41.2523634
-95.8808424,41.0111103
-103.6671662,41.8666341
-103.6671662,41.8666341
-97.1300372,41.2527908
-93.0899578,44.9537029
-73.1951767,41.1865478
-93.161604,44.4582983
-73.7562317,42.6525793
13.404954,52.5200066
-71.6002223,43.0204052
-71.1322796,42.6471655
-7.3085748,54.9966124
-76.2982742,36.8354258
-74.5034858,39.327894
-73.4975412,41.2840635
-74.8916458,40.028848
-82.9987942,39.9611755
11.2558136,43.7695604
-75.4318532,40.1278839
-75.1196199,39.9259463
-75.1196199,39.9259463
-75.1196199,39.9259463
-75.1196199,39.9259463
-75.1196199,39.9259463
-75.1196199,39.9259463
-75.1196199,39.9259463
-75.1196199,39.9259463
-75.1196199,39.9259463
-74.9579523,38.9820569
-75.2340768,39.427337
-74.2048677,40.767323
-74.2286435,40.7263249
-74.2286435,40.7263249
-74.2286435,40.7263249
-75.1441926,39.7662167
-73.064036,41.2306979
-76.3452218,37.0298687
-74.4432073,40.4562164
-74.3859831,40.446495
-74.2929275,40.5270505
-74.3632049,40.5431598
-74.2082671,40.1645785
-72.6506488,41.5623209
-74.7065516,40.8989877
-74.1827119,39.8971996
-74.1371832,40.0578384
-74.171811,40.9167654
-74.171811,40.9167654
-88.0797933,41.9847504
-106.5592932,31.8049943
-103.1360403,32.7026116
-105.7741541,33.1575854
-96.9561152,32.5884689
,
-117.2535575,33.0561311
-110.760465,43.4794
-115.1398296,36.1699412
-106.0797459,35.889192
-106.7333599,34.806166
-115.094045,36.0795613
-115.1398296,36.1699412
-115.1398296,36.1699412
-115.094045,36.0795613
-115.094045,36.0795613
-115.094045,36.0795613
-115.094045,36.0795613
-115.094045,36.0795613
-115.094045,36.0795613
-115.094045,36.0795613
-115.094045,36.0795613
-115.094045,36.0795613
-115.094045,36.0795613
-115.9839147,36.2082943
-119.8138027,39.5296329
-119.8138027,39.5296329
-73.7001187,42.7742446
-75.9179738,42.0986867
-87.9370052,41.8008642
-85.4951663,32.5933574
-76.8205119,42.167019
-78.6922515,42.9039476
-78.880315,43.0203347
-74.49651,44.988444
-75.0354347,43.0150703
-71.1828321,42.3709299
-74.0059413,40.7127837
-74.0059413,40.7127837
-74.0059413,40.7127837
-74.0059413,40.7127837
-74.0059413,40.7127837
-74.0059413,40.7127837
-73.9441579,40.6781784
-74.0059413,40.7127837
-74.0059413,40.7127837
-74.0059413,40.7127837
-74.0059413,40.7127837
-74.0059413,40.7127837
-74.0059413,40.7127837
-74.0059413,40.7127837
-74.0059413,40.7127837
-74.0059413,40.7127837
-74.0059413,40.7127837
-77.6109219,43.16103
-77.6109219,43.16103
-77.6109219,43.16103
-77.6109219,43.16103
-77.6109219,43.16103
-77.6109219,43.16103
-77.6109219,43.16103
-77.6109219,43.16103
-77.6109219,43.16103
-77.6109219,43.16103
-95.1182645,29.5377315
-73.714853,40.8431559
-88.057837,41.5894752
-78.7103118,43.286723
12.4963655,41.9027835
-76.3327095,43.1586786
-76.1474244,43.0481221
-121.9232879,36.5552386
-87.6470216,41.9080906
-73.6873405,42.9028547
-73.9395687,42.8142432
-73.9395687,42.8142432
-73.9395687,42.8142432
-73.9395687,42.8142432
-73.9395687,42.8142432
-77.0861753,38.707982
-71.1322796,42.6471655
-76.2826675,41.8725914
-80.1620167,39.4824728
-79.9276651,40.4556477
-80.815368,39.860075
-84.5613355,39.3995008
-84.5613355,39.3995008
-87.955841,42.830677
-83.6124236,39.9270045
-80.5772928,40.6186756
-9.1393366,38.7222524
-80.5389576,40.7900625
-81.8595756,40.2720151
-81.3910999,41.4298516
-81.8162,41.449895
-81.8162,41.449895
-81.8162,41.449895
-81.8162,41.449895
-81.8162,41.449895
-81.8162,41.449895
-81.8162,41.449895
-81.8162,41.449895
-81.8162,41.449895
-81.5267873,41.5931049
-81.7245739,41.3136644
-81.5370671,41.4739419
-83.4390843,39.5364511
-83.4390843,39.5364511
-82.9987942,39.9611755
-82.9987942,39.9611755
-82.9987942,39.9611755
-82.9987942,39.9611755
-83.0624078,39.9945084
-92.0185651,42.1646477
-81.2133262,41.5786639
-106.516515,39.604225
-106.516515,39.604225
-84.4862408,33.9205642
-84.5507778,39.2183911
-88.0125865,42.9614039
-111.8338359,41.7369803
-111.8338359,41.7369803
-111.8338359,41.7369803
-80.6339638,40.3697905
-80.6339638,40.3697905
-80.6339638,40.3697905
-80.6339638,40.3697905
-80.6339638,40.3697905
-81.2420245,41.7340692
-74.1723667,40.735657
-74.1723667,40.735657
-82.1823746,41.452819
-83.555212,41.6639383
-83.555212,41.6639383
-83.6538244,41.5628294
-81.4928829,36.4037364
-85.6591442,40.5583739
-84.2424449,40.1447732
-81.1153842,39.7625729
-84.1916069,39.7589478
-84.1688274,39.6895036
-84.2866083,39.6428362
-84.1916069,39.7589478
-83.4066132,42.6907443
-82.0131924,39.9403453
-82.0131924,39.9403453
-82.2084804,39.7139578
-82.2376489,39.577847
-83.0143443,39.0681252
-88.3200715,41.7605849
-81.0964856,41.2842224
-83.9846655,41.0983846
-97.1416768,32.5631924
-82.9968419,38.879518
-78.2802946,42.8642267
-81.1059309,40.9153362
-81.378447,40.7989473
-81.378447,40.7989473
-81.378447,40.7989473
-81.378447,40.7989473
-80.1865976,39.8991472
-81.4845585,41.1339449
-82.4784898,39.2464596
-82.5993289,39.4186774
-78.1684568,38.2188244
-96.4741606,34.0414857
-75.2854622,40.0067785
-97.4394777,35.2225668
-97.4394777,35.2225668
-97.4394777,35.2225668
-97.4394777,35.2225668
-97.4394777,35.2225668
-97.4394777,35.2225668
-97.4394777,35.2225668
-97.4394777,35.2225668
-97.4394777,35.2225668
-97.4394777,35.2225668
-97.4394777,35.2225668
-97.4394777,35.2225668
-97.4394777,35.2225668
-97.4394777,35.2225668
-97.4394777,35.2225668
-97.4394777,35.2225668
-97.4394777,35.2225668
-97.4394777,35.2225668
-97.4394777,35.2225668
-97.4394777,35.2225668
-97.4394777,35.2225668
-97.4394777,35.2225668
-97.4394777,35.2225668
-97.4394777,35.2225668
-97.4394777,35.2225668
-97.4394777,35.2225668
-97.4394777,35.2225668
-97.4394777,35.2225668
-97.4394777,35.2225668
-97.4394777,35.2225668
-97.4394777,35.2225668
-97.4394777,35.2225668
-97.4394777,35.2225668
-97.4394777,35.2225668
-97.4394777,35.2225668
-97.4394777,35.2225668
-97.4394777,35.2225668
-97.4394777,35.2225668
-97.4394777,35.2225668
-97.4394777,35.2225668
-97.4394777,35.2225668
-97.4394777,35.2225668
-97.4394777,35.2225668
-97.4394777,35.2225668
-97.4394777,35.2225668
-97.4394777,35.2225668
-97.4394777,35.2225668
-97.4394777,35.2225668
-97.4394777,35.2225668
-97.4394777,35.2225668
-97.4394777,35.2225668
-97.4394777,35.2225668
-97.4394777,35.2225668
-97.4394777,35.2225668
-97.4394777,35.2225668
-97.4394777,35.2225668
-97.4394777,35.2225668
-97.4394777,35.2225668
-97.4394777,35.2225668
-97.4394777,35.2225668
-97.4394777,35.2225668
-97.4394777,35.2225668
-97.4394777,35.2225668
-97.4394777,35.2225668
-97.4394777,35.2225668
-97.4394777,35.2225668
-97.4394777,35.2225668
-97.4394777,35.2225668
-97.4394777,35.2225668
-97.4394777,35.2225668
-97.4394777,35.2225668
-97.4394777,35.2225668
-97.4394777,35.2225668
-97.4394777,35.2225668
-97.4394777,35.2225668
-97.4394777,35.2225668
-97.4394777,35.2225668
-97.4394777,35.2225668
-97.4394777,35.2225668
-97.4394777,35.2225668
-97.4394777,35.2225668
-97.4394777,35.2225668
-97.4394777,35.2225668
-97.4394777,35.2225668
-97.4394777,35.2225668
-97.4394777,35.2225668
-97.4394777,35.2225668
-97.4394777,35.2225668
-97.4394777,35.2225668
-97.4394777,35.2225668
-97.4394777,35.2225668
-97.4394777,35.2225668
-97.4394777,35.2225668
-97.4394777,35.2225668
-97.4394777,35.2225668
-97.4394777,35.2225668
-97.4394777,35.2225668
-97.4394777,35.2225668
-97.4394777,35.2225668
-97.4394777,35.2225668
-97.4394777,35.2225668
-97.4394777,35.2225668
-97.4394777,35.2225668
-97.4394777,35.2225668
-97.4394777,35.2225668
-97.4394777,35.2225668
-97.4394777,35.2225668
-97.4394777,35.2225668
-97.4394777,35.2225668
-97.4394777,35.2225668
-97.4394777,35.2225668
-97.4394777,35.2225668
-97.4394777,35.2225668
-97.4394777,35.2225668
-97.4394777,35.2225668
-97.4394777,35.2225668
-97.4394777,35.2225668
-97.4394777,35.2225668
-97.4394777,35.2225668
-97.4394777,35.2225668
-97.4394777,35.2225668
-97.4394777,35.2225668
-97.4394777,35.2225668
-97.4394777,35.2225668
-97.4394777,35.2225668
-97.4394777,35.2225668
-97.4394777,35.2225668
-97.4394777,35.2225668
-97.4394777,35.2225668
-97.4394777,35.2225668
-97.4394777,35.2225668
-97.4394777,35.2225668
-97.4394777,35.2225668
-97.4394777,35.2225668
-97.4394777,35.2225668
-97.4394777,35.2225668
-97.4394777,35.2225668
-97.4394777,35.2225668
-97.4394777,35.2225668
-97.4394777,35.2225668
-97.4394777,35.2225668
-97.4394777,35.2225668
-97.4394777,35.2225668
-97.4394777,35.2225668
-97.4394777,35.2225668
-97.4394777,35.2225668
-97.4394777,35.2225668
-97.4394777,35.2225668
-97.4394777,35.2225668
-97.4394777,35.2225668
-97.4394777,35.2225668
-97.4394777,35.2225668
-97.4394777,35.2225668
-97.4394777,35.2225668
-97.4394777,35.2225668
-97.4394777,35.2225668
-97.4394777,35.2225668
-97.4394777,35.2225668
-97.4394777,35.2225668
-97.4394777,35.2225668
-97.4394777,35.2225668
-97.4394777,35.2225668
-97.4394777,35.2225668
-97.4394777,35.2225668
-97.4394777,35.2225668
-97.4394777,35.2225668
-97.4394777,35.2225668
-97.4394777,35.2225668
-97.4394777,35.2225668
-97.4394777,35.2225668
-97.4394777,35.2225668
-97.4394777,35.2225668
-97.4394777,35.2225668
-97.4394777,35.2225668
-97.4394777,35.2225668
-97.4394777,35.2225668
-97.4394777,35.2225668
-97.4394777,35.2225668
-97.4394777,35.2225668
-97.4394777,35.2225668
-97.4394777,35.2225668
-97.4394777,35.2225668
-97.4394777,35.2225668
-97.4394777,35.2225668
-97.4394777,35.2225668
-97.4394777,35.2225668
-97.4394777,35.2225668
-97.4394777,35.2225668
-97.4394777,35.2225668
-97.4394777,35.2225668
-97.4394777,35.2225668
-97.4394777,35.2225668
-97.4394777,35.2225668
-97.4394777,35.2225668
-97.4394777,35.2225668
-97.4394777,35.2225668
-97.4394777,35.2225668
-97.4394777,35.2225668
-97.4394777,35.2225668
-97.4394777,35.2225668
-97.4394777,35.2225668
-97.4394777,35.2225668
-97.4394777,35.2225668
-97.4394777,35.2225668
-97.4394777,35.2225668
-97.4394777,35.2225668
-97.4394777,35.2225668
-97.4394777,35.2225668
-97.4394777,35.2225668
-97.4394777,35.2225668
-97.4394777,35.2225668
-97.4394777,35.2225668
-97.4394777,35.2225668
-97.4394777,35.2225668
-97.4394777,35.2225668
-97.4394777,35.2225668
-97.4394777,35.2225668
-97.4394777,35.2225668
-95.1541339,36.6386937
-76.8983059,38.7651145
-97.6114237,38.8402805
-91.9534768,41.3701494
-95.2377458,35.1192644
-95.4018087,35.2784034
-99.3340442,34.637765
-98.4944365,29.4429595
-96.7716691,34.0903751
-97.2689212,35.4975625
-97.2689212,35.4975625
-97.2689212,35.4975625
-97.2689212,35.4975625
-97.2689212,35.4975625
-97.3967019,35.4495065
-97.5164276,35.4675602
-97.5164276,35.4675602
-97.5164276,35.4675602
-95.1230169,35.253708
-96.4933457,35.1586902
-97.9578128,34.5023028
-80.8467793,35.5017318
-80.8467793,35.5017318
-80.8467793,35.5017318
-80.8467793,35.5017318
-96.1141664,35.9987007
-95.992775,36.1539816
-95.992775,36.1539816
-95.992775,36.1539816
-95.992775,36.1539816
-95.992775,36.1539816
-122.6392606,45.4462305
-124.2178903,43.3665007
-123.0867536,44.0520691
-123.6481235,42.1628912
-122.9164307,42.3759586
-89.9111592,35.1197972
-93.3693524,36.6970059
-83.555212,41.6639383
-122.7714861,45.4312294
-123.0245261,43.9179023
-79.9958864,40.4406248
-79.8352767,40.545741
8.5303972,48.5699281
-74.9325683,40.0994425
-78.7247426,40.4850717
-79.5031005,41.0414525
-76.8846956,40.2323122
-75.5043761,39.8622582
-76.3055144,40.0378755
-76.3055144,40.0378755
-75.5668166,39.6620397
-75.6326395,40.5832443
-75.7893604,41.3259134
-75.1652215,39.9525839
-75.1652215,39.9525839
-75.1652215,39.9525839
-75.1652215,39.9525839
-78.6795836,38.2927558
-78.6795836,38.2927558
-71.7128471,42.2959267
-71.4372796,41.7798226
-71.3700545,41.8137116
-71.3171162,41.616016
-81.8909472,33.4273614
-81.7195533,33.5604168
-74.129032,41.0414857
-82.8984775,34.5637137
-82.6501332,34.5034394
-97.464453,31.0560132
10.9027636,49.8988135
9.501785,56.26392
-103.6179745,48.1469683
-85.6357789,38.2435659
-79.9310512,32.7764749
-79.9310512,32.7764749
-81.6498195,35.0717945
-80.0734005,34.3740431
-84.5499327,33.952602
-122.231635,37.8243715
-78.8903044,34.0562812
-92.4421011,35.0886963
-76.3055144,40.0378755
-80.8558097,35.0016097
-80.5836836,34.5518201
-77.1191863,38.8983509
-81.0739825,33.9934867
-81.1009286,33.8170974
-80.8556476,33.4918203
-81.0348144,34.0007104
-78.7839112,35.0965534
-82.1059416,34.9509521
-81.9320482,34.9495672
-122.4084276,37.7809826
-74.2631635,40.6975898
-76.727745,39.9625984
-96.7311034,43.5445959
-103.2310149,44.0805434
-76.8983059,38.7651145
-86.4602717,35.483406
-86.4602717,35.483406
-80.5089552,35.0873694
-80.5089552,35.0873694
-83.7557281,35.6753657
-90.5047854,38.6456624
-81.6943605,41.49932
-74.1645951,43.9695074
-74.1059775,41.3645382
-88.6608897,35.849233
-85.0269014,35.9489566
-86.7816016,36.1626638
-86.7816016,36.1626638
-74.4576842,39.4939726
-80.8431267,35.2270869
-87.4439002,36.2350562
-87.3877899,36.0770048
-88.8442674,42.2639098
-78.1633341,39.1856597
-123.8695086,40.7450055
-85.1907904,35.2359025
-92.933642,44.8857046
-77.4156889,37.5333061
2.3522219,48.856614
-83.2853843,36.1049628
,
-83.9207392,35.9606384
-94.846681,39.7674578
-78.8783585,35.0526641
-92.0198427,30.2240897
-90.1848103,32.2987573
-81.0348144,34.0007104
-81.0348144,34.0007104
-81.0348144,34.0007104
-79.8284258,32.8323225
-84.2418612,35.590078
-84.294087,35.362855
-87.3594528,36.5297706
-89.2964595,36.3311777
-84.3707561,34.9889692
-94.2686378,46.3483626
-94.2686378,46.3483626
-86.39027,35.8456213
-83.6270896,35.9745743
-90.0489801,35.1495343
-90.0489801,35.1495343
-90.0489801,35.1495343
-90.0489801,35.1495343
-90.0489801,35.1495343
-90.0489801,35.1495343
-90.0489801,35.1495343
-90.0489801,35.1495343
-90.0489801,35.1495343
-90.0489801,35.1495343
-90.0489801,35.1495343
-90.0489801,35.1495343
-97.1080656,32.735687
-97.1080656,32.735687
-97.1080656,32.735687
-75.5243682,39.158168
-87.6936291,36.5008833
-82.1887444,36.5951059
-73.4820687,40.7442664
-83.7418507,36.1995269
-95.144318,43.1450748
-82.3534727,36.3134397
-82.3534727,36.3134397
-94.729097,31.3382406
-94.729097,31.3382406
-98.5464068,28.9180294
-98.5464068,28.9180294
-96.2571858,29.9502253
-98.9430859,29.604672
-97.7277959,31.1171194
-98.4936282,29.4241219
-98.4936282,29.4241219
-98.4936282,29.4241219
-98.4936282,29.4241219
-76.2177046,43.106456
-73.5831835,40.6576022
-98.2212979,30.7270349
-96.6397822,33.1972465
-96.8236116,33.1506744
-96.6988856,33.0198431
-122.2711137,37.8043637
-96.9561152,32.5884689
-96.8899636,32.9756415
,
-96.6388833,32.912624
-96.7969879,32.7766642
-96.7969879,32.7766642
-96.7969879,32.7766642
-96.7969879,32.7766642
-96.7969879,32.7766642
-96.7969879,32.7766642
-96.7969879,32.7766642
-97.179026,33.1418611
-97.179026,33.1418611
30.7233095,46.482526
-96.9944489,32.482361
-122.5205015,47.6247208
-122.5205015,47.6247208
-122.5205015,47.6247208
-94.9027002,29.383845
-94.9027002,29.383845
-94.7976958,29.3013479
-94.7976958,29.3013479
-100.9598709,35.5361559
-96.6694402,33.759271
-96.6088805,33.6356618
-96.6088805,33.6356618
-95.2621553,29.9988312
-95.1146533,29.7760599
-95.3698028,29.7604267
-116.4221616,36.4214066
-95.6160549,30.0971621
-95.3698028,29.7604267
-95.3698028,29.7604267
-95.3698028,29.7604267
-95.3698028,29.7604267
-95.3698028,29.7604267
-95.3698028,29.7604267
-95.3698028,29.7604267
-95.3698028,29.7604267
-95.3698028,29.7604267
-95.3698028,29.7604267
-95.3698028,29.7604267
-95.3698028,29.7604267
-95.3698028,29.7604267
-95.3698028,29.7604267
,
-95.3698028,29.7604267
-98.0866781,30.1902067
-96.1513627,32.3345888
-86.9311094,38.3914418
-94.1265562,30.080174
-94.1265562,30.080174
-94.1265562,30.080174
-99.3379764,30.0710434
-78.8783689,42.8864468
-101.8551665,33.5778631
-101.8551665,33.5778631
-101.8551665,33.5778631
-101.8551665,33.5778631
-101.8551665,33.5778631
-89.8495427,40.0111214
-97.1466695,31.549333
-97.1466695,31.549333
-97.1466695,31.549333
-95.7507815,30.2093794
-96.4688727,32.0954304
-97.6688843,27.7903032
-97.396381,27.8005828
-97.396381,27.8005828
-97.396381,27.8005828
-101.8312969,35.2219971
-101.8312969,35.2219971
-101.8312969,35.2219971
-94.9966005,30.4979813
-97.229298,32.9341893
-97.3307658,32.7554883
-97.3307658,32.7554883
-99.7331439,32.4487364
-97.7430608,30.267153
-97.7430608,30.267153
-97.7430608,30.267153
-97.7430608,30.267153
-97.7430608,30.267153
-97.7430608,30.267153
-97.7430608,30.267153
-94.1774297,30.6912029
-72.479037,41.8186802
-103.3587288,33.9538388
-111.8910474,40.7607793
-111.6585337,40.2338438
-111.7852106,39.9755101
-111.654923,40.114955
-111.9738304,41.223
-78.8894682,38.0684692
-79.0336374,38.0301356
-78.8894682,38.0684692
-79.0414324,38.134241
-79.0336374,38.0301356
-82.0990223,37.2778886
-77.6077865,37.3673217
-96.9944489,32.482361
-77.8863787,38.9929383
-77.3324425,37.5059332
-77.4360481,37.5407246
-79.8725386,36.6915262
-79.8725386,36.6915262
-71.617228,43.3124141
-71.617228,43.3124141
-71.617228,43.3124141
-71.617228,43.3124141
-80.1950507,36.6418034
-85.1091173,34.9159099
-69.9597664,41.6820897
-77.2872001,37.3043154
-88.2459087,42.4375897
21.0122287,52.2296756
-82.795995,36.7189846
-77.5466342,34.8993297
-81.9773482,36.7098335
-76.2874927,36.7682088
-76.2874927,36.7682088
-76.2874927,36.7682088
-76.3452218,37.0298687
-76.4730122,37.0870821
-76.4730122,37.0870821
-76.2858726,36.8507689
-77.4019267,37.2279279
-77.4360481,37.5407246
-77.4360481,37.5407246
-79.9414266,37.2709704
-70.8967155,42.51954
-75.977985,36.8529263
-75.977985,36.8529263
-75.977985,36.8529263
-75.977985,36.8529263
-78.1633341,39.1856597
-74.1996966,40.7934791
-119.1372338,46.2112458
-119.1372338,46.2112458
-4.4213988,36.7212737
-90.5787476,41.5094771
,
-119.2780771,47.1301417
-121.9836029,47.5480339
-122.3320708,47.6062095
-122.3126222,47.3223221
-122.3126222,47.3223221
-122.2170661,47.4828776
-122.3126222,47.3223221
-122.3320708,47.6062095
-122.3320708,47.6062095
-122.6269768,47.5650067
-122.552361,47.7312073
-122.6269768,47.5650067
-120.939249,47.1953976
-120.8217312,45.8206794
-118.1937395,33.7700504
-122.2928974,47.1853785
-122.2042824,47.0978795
-122.2928974,47.1853785
-96.4304093,43.1999944
-122.3773552,47.8106521
-122.2020794,47.9789848
-122.2020794,47.9789848
-117.4260466,47.6587802
-122.8231915,47.0342629
-118.3430209,46.0645809
-120.5058987,46.6020711
-88.019826,44.519159
-91.3929348,44.9369054
-91.3929348,44.9369054
-89.4012302,43.0730517
-91.4984941,44.811349
-91.4984941,44.811349
11.2558136,43.7695604
13.404954,52.5200066
-91.2395807,43.8013556
-97.1833475,33.1212321
-87.9064736,43.0389025
-87.9064736,43.0389025
-87.9064736,43.0389025
-87.9000856,43.1133444
-89.4120753,45.6366228
-92.3621369,45.3069062
-89.5287728,44.4355622
-87.7828523,42.7261309
-87.7828523,42.7261309
-88.1103639,42.6825181
-71.1286194,41.7695425
-89.7442906,43.4710944
-83.0092803,40.0521783
-88.4992659,43.1116731
-88.5426136,44.0247062
-77.9638869,39.4562099
-77.9638869,39.4562099
8.8949206,52.2964919
-80.3484217,39.3739761
-77.2794288,39.2387164
-77.8430506,39.3587115
-77.0718248,38.9284816
-79.9310512,32.7764749
-80.343418,39.5309169
-80.343418,39.5309169
-80.7431407,39.9203526
-121.87167,37.68306
-118.5400404,34.373361
-95.0957968,36.8736854
-82.2868078,37.7989878
-78.7686297,39.5031465
-79.8520818,41.4511353
-75.910629,40.3615027
-72.0823688,41.6306615
-96.7725352,32.9144584
-95.558406,29.5456375
-95.144318,43.1450748
-75.7918238,40.1983789
-80.8575993,39.6445214
-80.8575993,39.6445214
-81.5615135,39.2667418
-81.3226011,37.4909485
-1.61778,54.978252
-131.6461111,55.3422222
-77.4019267,37.2279279
-166.0719444,66.2566667
-164.8411111,62.5336111
-149.9002778,61.2180556
-149.4819444,61.3888889
-114.4667774,36.5679822
-151.8313889,59.7766667
-147.3494444,64.7511111
-147.7163889,64.8377778
-86.80249,33.5206608
-86.80249,33.5206608
-86.80249,33.5206608
-86.80249,33.5206608
-86.7522107,33.5009384
-86.9088808,33.4614965
-86.954437,33.4017766
-86.80249,33.5206608
-88.1752796,30.5476941
-121.9357925,37.9410341
-121.9357925,37.9410341
-77.5636015,39.1156615
-87.4938708,31.0237921
-87.0721918,31.1051779
-85.3904888,31.2232313
-85.3904888,31.2232313
-117.7237627,33.5291274
-86.5861037,34.7303688
-86.5861037,34.7303688
-87.836402,32.5176361
-84.5613355,39.3995008
-79.9414266,37.2709704
-85.484675,33.3090047
12.5409221,56.2863381
-86.80249,33.5206608
-88.3133487,31.6340496
-96.8291685,32.96179
-94.4846601,36.2675793
-94.1152041,36.4539625
-83.0146526,42.5144566
-77.9822193,39.1517713
-77.9822193,39.1517713
-77.9822193,39.1517713
-93.1540591,33.9209365
-92.1082037,35.6936734
-97.0096498,33.0230837
-92.4421011,35.0886963
-75.5138118,40.0362184
-86.8688899,35.9250637
-86.8688899,35.9250637
-87.3594528,36.5297706
-80.6770787,39.2367791
-94.0476882,33.425125
-94.0476882,33.425125
-89.9720327,35.9597942
-89.9189753,35.9272953
-90.1237623,29.9653233
-90.59,34.5291
-92.2895948,34.7464809
-94.3985475,35.3859242
-91.4826388,36.3158994
-98.4777734,29.4416337
-88.4381029,37.8136583
-111.8412502,33.3061605
-112.3412726,33.6619819
-111.9400054,33.4255104
-111.6660725,32.057499
-111.7573521,32.8795022
-122.2585399,37.8718992
-121.9131761,37.2456333
-120.5407599,38.2282509
-122.4151646,37.7711534
-124.0828396,40.8665166
-124.0828396,40.8665166
-124.0828396,40.8665166
-118.1634075,34.8641446
-119.0195452,35.4196799
-119.0195452,35.4196799
-118.5021527,34.2793576
-118.5021527,34.2793576
-118.5021527,34.2793576
-118.5021527,34.2793576
-118.5021527,34.2793576
-118.5021527,34.2793576
-118.5021527,34.2793576
-118.5021527,34.2793576
-118.5021527,34.2793576
-118.5021527,34.2793576
-118.2922461,33.7360619
-118.2922461,33.7360619
-118.2922461,33.7360619
-118.2922461,33.7360619
-118.2922461,33.7360619
-118.2922461,33.7360619
-118.2922461,33.7360619
-118.2922461,33.7360619
-118.2436849,34.0522342
-118.2436849,34.0522342
-118.2436849,34.0522342
-118.2436849,34.0522342
-118.2436849,34.0522342
-118.2436849,34.0522342
-118.2436849,34.0522342
-118.2436849,34.0522342
-118.2436849,34.0522342
-118.2436849,34.0522342
-118.2436849,34.0522342
-118.2436849,34.0522342
-118.2436849,34.0522342
-118.2436849,34.0522342
-118.2436849,34.0522342
-118.2436849,34.0522342
-118.2436849,34.0522342
-118.2436849,34.0522342
-118.2436849,34.0522342
-118.2436849,34.0522342
-118.2436849,34.0522342
-118.2436849,34.0522342
-118.2436849,34.0522342
-118.2436849,34.0522342
-118.2436849,34.0522342
-118.2436849,34.0522342
-118.2436849,34.0522342
-118.2436849,34.0522342
-118.2436849,34.0522342
-118.2436849,34.0522342
-118.3812562,34.187044
-118.3812562,34.187044
-118.3812562,34.187044
-118.3812562,34.187044
-118.3812562,34.187044
-118.3812562,34.187044
-118.2436849,34.0522342
-118.2436849,34.0522342
-118.2436849,34.0522342
-118.2436849,34.0522342
-118.2436849,34.0522342
-118.2436849,34.0522342
-118.2436849,34.0522342
-118.2605574,34.0781593
-118.2605574,34.0781593
-118.2605574,34.0781593
-118.2605574,34.0781593
-118.2605574,34.0781593
-118.2605574,34.0781593
-118.2605574,34.0781593
-118.2605574,34.0781593
-118.0728424,33.8314045
-120.4829677,37.3021632
-120.4829677,37.3021632
-120.6265722,36.9860582
-94.5926184,39.0695079
-117.9992265,33.660297
-118.0372852,33.8169599
-117.6981075,33.4669721
-117.6981075,33.4669721
-121.1930041,38.8212889
-118.2851738,34.0632351
-74.0319677,40.7208574
-117.3961564,33.9533487
-117.3961564,33.9533487
-116.6741822,33.5552692
-116.9719684,33.7475203
-87.2575283,41.0750361
-121.302728,38.5890723
-117.2611527,34.0483474
-121.9420232,37.738757
-117.1130849,32.5839444
-117.1610838,32.715738
-122.4194155,37.7749295
8.8004529,46.331734
-122.4194155,37.7749295
-122.4194155,37.7749295
-74.5323795,39.4941665
-121.8863286,37.3382082
-121.8994016,36.9771729
-121.8994016,36.9771729
-122.3916754,40.5865396
,
-122.3861269,41.4226498
-122.2358302,40.1784886
-122.2358302,40.1784886
-122.9419708,40.7309778
-119.0442687,35.9624529
-119.0442687,35.9624529
-89.0658963,38.6197704
-118.9070887,34.1805403
-119.1951074,34.1477829
-76.1841226,39.9831559
-87.6416419,41.775305
-104.990251,39.7392358
-104.8560902,39.3722121
-104.8213634,38.8338816
11.2558136,43.7695604
-105.8979465,39.6800375
-105.084423,40.5852602
-104.6091409,38.2544472
-106.0383518,39.4816537
-74.1854209,40.8067546
-72.6850932,41.7637111
-72.8633635,41.6757457
-72.7017741,41.9915062
-72.7017741,41.9915062
-72.6596244,41.7063537
-73.4081575,41.117744
-73.064036,41.2306979
-72.7673198,41.3275971
-72.9469711,41.2705484
-77.9447102,34.2257255
-77.9447102,34.2257255
-80.1300455,25.790654
-80.1300455,25.790654
-80.1917902,25.7616798
-81.655651,30.3321838
-81.655651,30.3321838
-81.655651,30.3321838
-81.655651,30.3321838
-81.655651,30.3321838
-81.655651,30.3321838
-82.4571776,27.950575
-87.8951786,43.0607697
-82.2420317,27.9462615
-82.3064808,27.9797439
30.3350986,59.9342802
30.3350986,59.9342802
-81.5859099,27.9014133
-81.7328567,28.0222435
-81.7328567,28.0222435
-80.0905465,26.5317866
-80.0728201,26.4614625
-80.2767327,26.6514503
-81.3792365,28.5383355
-81.3792365,28.5383355
-88.7319979,37.1511655
-81.0228331,29.2108147
-80.9269984,29.0258191
-87.2169149,30.421309
-87.2169149,30.421309
-80.2133808,26.1403635
-80.1439343,26.052311
-80.2083806,26.1664736
-82.1400923,29.1871986
-82.0204688,29.0075671
-82.4442629,27.1192213
-87.6416419,41.775305
-81.269453,28.8028612
-81.2081203,28.669997
-81.269453,28.8028612
-81.9495331,26.5628537
-81.3124341,29.9012437
-81.6375819,29.6485801
-85.6602058,30.1588129
-80.3256056,27.4467056
-80.3582261,27.2730492
-94.1632404,45.5579451
-73.9660299,40.7524048
,
-82.7195451,28.2716755
-82.6392899,30.1896756
-82.6392899,30.1896756
-87.1610807,30.5993603
-87.1706449,30.363578
-82.0422998,27.0429865
-83.3523709,30.5940965
-83.3523709,30.5940965
-83.5821063,30.1115662
-81.4625919,30.6696818
-88.7319979,37.1511655
-86.4957833,30.3935337
-82.4752757,28.5578826
-85.646044,30.9874036
-82.0453664,26.9297836
-82.0906448,26.9761707
-81.2078699,29.5844524
-81.7948103,26.1420358
-83.3546098,32.3868278
-78.8894682,38.0684692
-81.6898261,30.7999563
-96.8899636,32.9756415
-96.8899636,32.9756415
-85.2569,34.9489645
-85.1091173,34.9159099
-85.2569,34.9489645
-85.0427257,34.8406339
-90.704279,35.8422967
-90.704279,35.8422967
-84.5499327,33.952602
-83.7888387,31.1799407
-82.5723193,27.5214269
-77.748882,39.4575994
-83.7823938,31.9635074
-84.170196,33.8081608
-84.2963123,33.7748275
-73.7562317,42.6525793
-73.7562317,42.6525793
,
-76.93776,38.9896967
-84.4393724,33.6795531
-74.7249281,40.294186
-82.3248262,29.6516344
-83.106818,34.4359361
-83.5821063,30.1115662
-83.5821063,30.1115662
-83.7612839,34.096496
-90.3959255,31.8604382
-100.8903099,35.3352558
-83.2784851,30.8327022
-83.9843953,34.5261465
-81.5386842,28.3936186
-118.61481,34.2506356
-82.9987942,39.9611755
-96.7969879,32.7766642
-84.6151965,31.7562765
-82.0105148,33.4734978
-82.0105148,33.4734978
-84.0176904,33.6676103
-84.0176904,33.6676103
-119.2844621,46.2856907
-84.2326876,32.0723861
-83.9787808,30.8365815
-82.3540178,31.2135511
-84.9702228,34.7698021
-84.9702228,34.7698021
-84.9702228,34.7698021
-84.9702228,34.7698021
-155.0884869,19.7070942
-158.0091667,21.3866667
-157.8583333,21.3069444
-156.5045315,20.9297229
-91.5682015,43.084702
-81.6745517,36.216795
-94.4155068,39.0911161
-95.327774,42.1955423
-91.1565357,40.8250386
-107.2902839,43.0759678
-73.9625033,41.3918372
-84.913052,39.8208853
-92.6493595,41.2916728
-92.6493595,41.2916728
-93.7121656,41.6266555
-95.8608333,41.2619444
-95.8608333,41.2619444
-95.8608333,41.2619444
-92.715199,42.1877647
-96.4003069,42.4999942
-116.8668585,48.5879853
-116.909365,48.1807415
-112.0339645,43.4916514
-116.5634624,43.5407172
-116.2551395,46.479347
-112.1137716,34.7489107
-112.1137716,34.7489107
-79.4694767,35.1954345
-114.4608711,42.5629668
-114.6758916,42.335252
-71.0022705,42.2528772
-90.1567944,42.0944671
-88.2072697,40.1105875
-88.2433829,40.1164204
-88.2433829,40.1164204
-88.1558785,40.3083672
-87.6876969,42.0450722
-87.8539425,41.6303103
-87.7936685,41.8505874
-87.6355995,41.506146
-87.6297982,41.8781136
-87.6297982,41.8781136
-87.6297982,41.8781136
-87.6297982,41.8781136
-87.6297982,41.8781136
-87.6297982,41.8781136
-87.6297982,41.8781136
-87.6297982,41.8781136
-87.6297982,41.8781136
-87.6297982,41.8781136
-87.6297982,41.8781136
-87.6297982,41.8781136
-87.6297982,41.8781136
-89.0859189,40.0967053
-88.1535352,41.7508391
-88.1535352,41.7508391
-88.1535352,41.7508391
-96.8291685,32.96179
-88.2039607,41.8847507
,
-77.0510857,38.3312379
-89.3350888,37.7644952
16.3738189,48.2081743
-88.2825668,42.0354084
-88.2825668,42.0354084
0.4690888,51.7343313
5.36978,43.296482
-122.2403966,47.2031566
-121.8232958,38.4454641
-121.8232958,38.4454641
-80.7014662,41.1539465
-89.953157,38.8114364
-90.0628834,38.8294924
-108.1609536,45.959962
-88.7319979,37.1511655
-88.2942493,42.1655801
-88.2942493,42.1655801
-88.3161965,42.2411344
-88.4281415,42.1680796
-86.5263857,39.165325
-90.2159496,38.1661647
-81.655651,30.3321838
-89.2361935,38.0114393
-89.6187089,38.0164398
-90.8129118,43.9441328
-72.5815724,42.1072647
-72.5815724,42.1072647
-90.1506465,38.624514
-73.5831835,40.6576022
-89.4592609,40.6128161
-89.640658,40.5675388
-101.8144042,41.278454
-73.2612615,41.1408363
-89.0939952,42.2711311
-84.2963123,33.7748275
-85.1393513,41.079273
-85.1393513,41.079273
-86.7816016,36.1626638
-85.7677438,38.5417282
-85.3863599,40.1933767
-85.3863599,40.1933767
-85.3863599,40.1933767
-85.1410748,39.6411589
-87.1658458,39.0347666
-88.0125865,42.9614039
-87.2550353,41.5322592
-71.3161718,42.6334247
-86.8950297,41.7075394
-86.8744516,40.0411536
-79.8725386,36.6915262
-80.8100724,35.5848596
-86.7677663,37.9514447
-85.5800022,42.2011538
-77.0861753,38.707982
-121.9885719,37.5482697
-95.1216356,39.5630521
-96.7541973,37.3128024
-121.8846806,38.0279762
-96.9425139,38.671119
-96.8313978,39.0286093
-94.6169012,38.966673
-95.4572034,37.6792135
-73.962537,40.6912807
-97.9297743,38.0608445
-97.9297743,38.0608445
-97.9297743,38.0608445
-98.0836679,38.1472334
-97.330053,37.6871761
-97.330053,37.6871761
-97.330053,37.6871761
-97.330053,37.6871761
-97.330053,37.6871761
-97.330053,37.6871761
-97.330053,37.6871761
-97.330053,37.6871761
-74.2765366,40.8398218
-79.3317105,42.4400576
-94.5785667,39.0997265
-94.5785667,39.0997265
-71.1286194,41.7695425
-71.1286194,41.7695425
-121.9999606,37.8215929
-121.9999606,37.8215929
-71.3128285,41.4901024
-84.8732835,38.2009055
21.0122287,52.2296756
-85.8649408,37.7030646
-83.1957118,36.8629065
-85.7584557,38.2526647
-85.7584557,38.2526647
-85.7584557,38.2526647
-85.7584557,38.2526647
-85.7584557,38.2526647
-83.8601827,33.5967815
-78.8783689,42.8864468
-77.4360481,37.5407246
-83.1932284,37.24954
-82.5187629,37.4792672
-89.3762278,42.6183424
-83.4326841,38.1839705
-78.4531994,38.0086043
-76.7074571,37.2707022
-90.9723583,30.3058611
-93.7501789,32.5251516
-93.7501789,32.5251516
-93.7501789,32.5251516
-93.8296541,32.3333667
-76.8983059,38.7651145
-92.637927,32.5232053
-92.637927,32.5232053
-92.637927,32.5232053
-92.637927,32.5232053
-90.0715323,29.9510658
-92.1476353,32.5184775
-92.1476353,32.5184775
-84.9510542,34.502587
-92.8139861,30.5457071
-86.8688899,35.9250637
-121.129656,37.4716001
-90.4414762,30.4388041
-90.7139785,29.3888318
-92.4056985,32.7734728
-91.2537198,30.3943588
-71.2856082,41.9445441
-70.6619888,42.6159285
-70.6619888,42.6159285
-71.0772796,42.7762015
-70.9286609,42.5278731
-72.6348118,42.4398101
-72.2005059,42.1225482
-72.6162009,42.2042586
-72.5815724,42.1072647
-72.5815724,42.1072647
-86.1274888,40.0428151
-72.5170028,42.3709104
-71.5899054,42.5611947
-71.3672838,42.5998139
-71.2092214,42.3370413
-70.9410356,42.2180724
-70.6672621,41.9584457
-70.9161551,42.1306563
-71.0588801,42.3600825
-71.0588801,42.3600825
-71.0588801,42.3600825
-72.4483907,44.1608357
-71.998133,42.5750883
-72.9726065,43.6106237
-71.7128471,42.2959267
-95.1182645,29.5377315
-72.0439529,42.6871009
-76.8294213,39.4695489
-85.8477523,34.6809168
-122.2711137,37.8043637
-77.026088,38.9906657
-77.026088,38.9906657
-77.026088,38.9906657
-76.93776,38.9896967
-76.8620327,38.9685112
-76.9240422,38.8485264
-76.9240422,38.8485264
-76.8966397,38.9340002
-75.1111938,39.9279293
-76.9897278,38.8033178
-76.9908093,38.9637218
,
-77.7447161,39.6928728
-75.5993692,38.3606736
-76.6246886,39.1626084
-76.6121893,39.2903848
-76.6121893,39.2903848
-76.6121893,39.2903848
-76.6121893,39.2903848
-76.6121893,39.2903848
-76.6121893,39.2903848
-76.6121893,39.2903848
-76.6121893,39.2903848
-76.6121893,39.2903848
-76.6121893,39.2903848
-80.1149411,42.1585823
-122.6764816,45.5230622
-81.8418006,41.2381096
-74.2520875,42.3073065
-82.0105148,33.4734978
-122.3585019,40.6098147
-70.4428286,43.5009176
-85.7220315,42.7250877
-86.4602717,35.483406
-86.4602717,35.483406
-86.4602717,35.483406
-83.8888647,43.5944677
-85.0005215,41.9403263
-85.1797142,42.3211522
-88.0659603,45.8202334
-88.0659603,45.8202334
-122.2015159,47.6101497
-122.9952853,49.2557456
-83.6874562,43.0125274
-83.6874562,43.0125274
-73.833079,40.7674987
-83.6874562,43.0125274
-83.6874562,43.0125274
-83.6874562,43.0125274
-83.6299518,42.9275277
-85.6206317,44.7630567
-122.2403966,47.2031566
-84.5555347,42.732535
-84.5555347,42.732535
-84.4274744,42.722257
-85.5872286,42.2917069
-85.5872286,42.2917069
-85.5872286,42.2917069
-85.5872286,42.2917069
-85.5872286,42.2917069
-85.6680863,42.9633599
-71.3161718,42.6334247
-86.7940699,36.1328981
-83.0777153,43.0247496
-83.0576156,43.0997482
-81.440667,41.240056
-84.0371659,41.8975471
-74.2082671,40.1645785
-74.2082671,40.1645785
-82.9195514,42.5868882
-82.8963604,42.4974085
-83.0146526,42.5144566
-86.4525831,43.9552825
-83.4192941,42.7351196
-83.3677168,42.4989936
-83.4754913,42.48059
-83.2341028,42.6875323
-83.1446485,42.4894801
-83.4810481,42.537811
-83.9508068,43.4194699
-83.9508068,43.4194699
-74.9150313,39.8008256
-80.5089552,35.0873694
-83.2572332,42.1261157
-81.378447,40.7989473
-83.0457538,42.331427
-83.0457538,42.331427
-83.0457538,42.331427
-83.0457538,42.331427
-83.0457538,42.331427
-83.0457538,42.331427
-83.0457538,42.331427
-83.0457538,42.331427
-83.0457538,42.331427
-83.175203,42.2825383
-83.3965994,42.2222614
-83.3965994,42.2222614
-83.3965994,42.2222614
-83.3965994,42.2222614
-83.1499239,42.2142064
-83.1499239,42.2142064
-83.4690247,42.4138139
-95.3839188,46.9699602
-94.8858492,47.4875361
-84.1557495,33.0545709
-81.2344546,33.9465689
-95.3983491,47.5216231
-93.1668858,44.8041322
-93.3686555,43.6478006
-92.905484,44.5069113
-86.5263857,39.165325
-93.3499489,44.8896866
-93.2650108,44.977753
-93.2650108,44.977753
-93.17,45.7222222
-87.697554,41.7376587
-95.048659,45.1223711
-93.1968704,39.1230777
-77.6109219,43.16103
-96.1811473,48.1191353
-96.3128117,43.9985815
-93.0899578,44.9537029
-93.0899578,44.9537029
-93.0899578,44.9537029
-93.0899578,44.9537029
-6.4498488,53.3572085
-95.1169424,44.5394039
